{
  "pools": [
    {
      "rolls": 1,
      "entries": [
        {
          "type": "minecraft:item",
          "name": "minecraft:name_tag",
          "functions": [
            {
              "function": "minecraft:set_count",
              "count": 6,
              "conditions": [
                {
                  "condition": "minecraft:inverted",
                  "term": {
                    "condition": "minecraft:alternative",
                    "terms": [
                      {
                        "condition": "minecraft:reference",
                        "name": "cpn:check_name/big_i"
                      },
                      {
                        "condition": "minecraft:reference",
                        "name": "cpn:check_name/t"
                      },
                      {
                        "condition": "minecraft:reference",
                        "name": "cpn:check_name/f"
                      },
                      {
                        "condition": "minecraft:reference",
                        "name": "cpn:check_name/k"
                      },
                      {
                        "condition": "minecraft:reference",
                        "name": "cpn:check_name/i"
                      },
                      {
                        "condition": "minecraft:reference",
                        "name": "cpn:check_name/l"
                      }
                    ]
                  }
                }
              ]
            },
            {
              "function": "minecraft:set_count",
              "count": 4,
              "conditions": [
                {
                  "condition": "minecraft:alternative",
                  "terms": [
                    {
                      "condition": "minecraft:reference",
                      "name": "cpn:check_name/big_i"
                    },
                    {
                      "condition": "minecraft:reference",
                      "name": "cpn:check_name/t"
                    }
                  ]
                }
              ]
            },
            {
              "function": "minecraft:set_count",
              "count": 5,
              "conditions": [
                {
                  "condition": "minecraft:alternative",
                  "terms": [
                    {
                      "condition": "minecraft:reference",
                      "name": "cpn:check_name/f"
                    },
                    {
                      "condition": "minecraft:reference",
                      "name": "cpn:check_name/k"
                    }
                  ]
                }
              ]
            },
            {
              "function": "minecraft:set_count",
              "count": 2,
              "conditions": [
                {
                  "condition": "minecraft:reference",
                  "name": "cpn:check_name/i"
                }
              ]
            },
            {
              "function": "minecraft:set_count",
              "count": 3,
              "conditions": [
                {
                  "condition": "minecraft:reference",
                  "name": "cpn:check_name/l"
                }
              ]
            }
          ]
        }
      ]
    }
  ]
}
